{"Manufacturer":"onsemi","Model\/Name":"MBRS3200T3G","Vendor Specific Code":"MBRS3200T3G","Vmax (V)":200,"ImaxAVG (A)":3,"Vf (Inom, 25\u00b0C) (V)":0.84,"Reverse Recovery Time (ns)":null,"TjMAX (\u00b0C)":175,"RthJL (\u00b0C\/W)":13.0,"RthJC (\u00b0C\/W)":null,"RthJA (\u00b0C\/W)":62.0,"Package":"SMB","Cost (1u) (USD)":0.16968,"k_c3":-0.00000139,"d_c3":0.0051903,"k_c2":0.00002516,"d_c2":0.00394802,"k_c1":0.00008131,"d_c1":0.0575057,"k_c0":-0.00167147,"d_c0":0.72890888}
{"Manufacturer":"Vishay","Model\/Name":"VS-5ECU06-M3","Vendor Specific Code":"VS-5ECU06-M3\/9AT","Vmax (V)":600,"ImaxAVG (A)":5,"Vf (Inom, 25\u00b0C) (V)":1.1,"Reverse Recovery Time (ns)":43.0,"TjMAX (\u00b0C)":175,"RthJL (\u00b0C\/W)":14.0,"RthJC (\u00b0C\/W)":null,"RthJA (\u00b0C\/W)":80.0,"Package":"SMC (DO-214AB)","Cost (1u) (USD)":0.33037,"k_c3":-0.00000113,"d_c3":0.00668109,"k_c2":0.00002395,"d_c2":0.01227581,"k_c1":0.00019157,"d_c1":0.06793532,"k_c0":-0.00172076,"d_c0":0.94320632}
{"Manufacturer":"Diodes Incorporated","Model\/Name":"FRS1JE","Vendor Specific Code":"31-FRS1JETR-ND","Vmax (V)":600,"ImaxAVG (A)":1,"Vf (Inom, 25\u00b0C) (V)":1.3,"Reverse Recovery Time (ns)":250.0,"TjMAX (\u00b0C)":150,"RthJL (\u00b0C\/W)":30.0,"RthJC (\u00b0C\/W)":20.0,"RthJA (\u00b0C\/W)":95.0,"Package":"F1A (DO219AA)","Cost (1u) (USD)":0.03232,"k_c3":0.00002563,"d_c3":0.00797504,"k_c2":0.00004232,"d_c2":0.03588549,"k_c1":0.00015913,"d_c1":0.14397042,"k_c0":-0.00136265,"d_c0":1.11436009}
{"Manufacturer":"Vishay","Model\/Name":"MURS160HE3_A\/H","Vendor Specific Code":"MURS160HE3_A\/HGITR-ND","Vmax (V)":600,"ImaxAVG (A)":2,"Vf (Inom, 25\u00b0C) (V)":1.25,"Reverse Recovery Time (ns)":75.0,"TjMAX (\u00b0C)":175,"RthJL (\u00b0C\/W)":13.0,"RthJC (\u00b0C\/W)":null,"RthJA (\u00b0C\/W)":null,"Package":"SMB (DO-214AA)","Cost (1u) (USD)":0.13837,"k_c3":-0.00000059,"d_c3":0.00630729,"k_c2":-0.0000061,"d_c2":0.04354041,"k_c1":-0.00000199,"d_c1":0.15565151,"k_c0":-0.0018882,"d_c0":1.03810909}
{"Manufacturer":"STMicroelectronics","Model\/Name":"STTH2L06-Y","Vendor Specific Code":"STTH2L06UFY","Vmax (V)":600,"ImaxAVG (A)":2,"Vf (Inom, 25\u00b0C) (V)":0.9,"Reverse Recovery Time (ns)":70.0,"TjMAX (\u00b0C)":175,"RthJL (\u00b0C\/W)":18.0,"RthJC (\u00b0C\/W)":null,"RthJA (\u00b0C\/W)":null,"Package":"DO-221AA, SMB Flat Leads","Cost (1u) (USD)":0.20301,"k_c3":0.00000488,"d_c3":0.00262381,"k_c2":0.00005684,"d_c2":0.02309851,"k_c1":0.00017044,"d_c1":0.14075762,"k_c0":-0.00171265,"d_c0":1.04146686}
{"Manufacturer":"Vishay","Model\/Name":"VS-3EJU06-M3","Vendor Specific Code":"VS-3EJU06-M3\/6A","Vmax (V)":600,"ImaxAVG (A)":3,"Vf (Inom, 25\u00b0C) (V)":0.99,"Reverse Recovery Time (ns)":50.0,"TjMAX (\u00b0C)":175,"RthJL (\u00b0C\/W)":null,"RthJC (\u00b0C\/W)":null,"RthJA (\u00b0C\/W)":115.0,"Package":"SlimSMA (DO-221AC)","Cost (1u) (USD)":0.12221,"k_c3":0.00003776,"d_c3":0.01200323,"k_c2":0.0000121,"d_c2":0.02088744,"k_c1":0.00007668,"d_c1":0.06613561,"k_c0":-0.0012412,"d_c0":0.9872064}
{"Manufacturer":"onsemi","Model\/Name":"MURS360B","Vendor Specific Code":"MURS360BT3GOSTR-ND","Vmax (V)":600,"ImaxAVG (A)":3,"Vf (Inom, 25\u00b0C) (V)":1.25,"Reverse Recovery Time (ns)":75.0,"TjMAX (\u00b0C)":175,"RthJL (\u00b0C\/W)":14.0,"RthJC (\u00b0C\/W)":null,"RthJA (\u00b0C\/W)":125.0,"Package":"SMB CASE 403A","Cost (1u) (USD)":0.21109,"k_c3":0.00000483,"d_c3":0.00109083,"k_c2":0.00003114,"d_c2":0.01277562,"k_c1":0.00009406,"d_c1":0.10787778,"k_c0":-0.00170783,"d_c0":0.93987334}
{"Manufacturer":"Diodes Incorporated","Model\/Name":"ES5J(LS)","Vendor Specific Code":"31-ES5J_HFTR-ND","Vmax (V)":600,"ImaxAVG (A)":5,"Vf (Inom, 25\u00b0C) (V)":1.3,"Reverse Recovery Time (ns)":50.0,"TjMAX (\u00b0C)":175,"RthJL (\u00b0C\/W)":8.0,"RthJC (\u00b0C\/W)":8.0,"RthJA (\u00b0C\/W)":null,"Package":"DO-214AB, SMC","Cost (1u) (USD)":0.16867,"k_c3":-0.00000912,"d_c3":0.00617482,"k_c2":0.00005822,"d_c2":0.00967161,"k_c1":0.00013395,"d_c1":0.08980536,"k_c0":-0.00211165,"d_c0":0.94747703}
{"Manufacturer":"onsemi","Model\/Name":"MURS320","Vendor Specific Code":"488-SURS8360T3G-VF01TR-ND","Vmax (V)":600,"ImaxAVG (A)":4,"Vf (Inom, 25\u00b0C) (V)":1.28,"Reverse Recovery Time (ns)":75.0,"TjMAX (\u00b0C)":175,"RthJL (\u00b0C\/W)":11.0,"RthJC (\u00b0C\/W)":null,"RthJA (\u00b0C\/W)":null,"Package":"DO-214AB, SMC","Cost (1u) (USD)":0.20402,"k_c3":-0.00001203,"d_c3":0.00049362,"k_c2":0.00001788,"d_c2":0.00381844,"k_c1":0.00023196,"d_c1":0.04646084,"k_c0":-0.00101245,"d_c0":0.77487977}
{"Manufacturer":"Diodes Incorporated","Model\/Name":"DFLU1400","Vendor Specific Code":"DFLU1400DITR-ND","Vmax (V)":400,"ImaxAVG (A)":1,"Vf (Inom, 25\u00b0C) (V)":1.25,"Reverse Recovery Time (ns)":25.0,"TjMAX (\u00b0C)":150,"RthJL (\u00b0C\/W)":null,"RthJC (\u00b0C\/W)":null,"RthJA (\u00b0C\/W)":117.0,"Package":"POWERDI\u00ae123","Cost (1u) (USD)":0.13635,"k_c3":-0.00000227,"d_c3":0.00463015,"k_c2":-0.00001482,"d_c2":0.0535439,"k_c1":0.00005787,"d_c1":0.22694571,"k_c0":-0.00163462,"d_c0":1.05462784}
{"Manufacturer":"onsemi","Model\/Name":"MURA130","Vendor Specific Code":"MURA140T3GOSTR-ND","Vmax (V)":400,"ImaxAVG (A)":2,"Vf (Inom, 25\u00b0C) (V)":1.1,"Reverse Recovery Time (ns)":65.0,"TjMAX (\u00b0C)":175,"RthJL (\u00b0C\/W)":24.0,"RthJC (\u00b0C\/W)":16.0,"RthJA (\u00b0C\/W)":216.0,"Package":"DO-214AC, SMA","Cost (1u) (USD)":0.09898,"k_c3":-0.00000516,"d_c3":0.00514187,"k_c2":-0.00001865,"d_c2":0.03369284,"k_c1":0.00007657,"d_c1":0.12924075,"k_c0":-0.00133429,"d_c0":0.95559795}
{"Manufacturer":"onsemi","Model\/Name":"MURS340T3G","Vendor Specific Code":"MURS340T3GOSTR-ND","Vmax (V)":400,"ImaxAVG (A)":3,"Vf (Inom, 25\u00b0C) (V)":1.25,"Reverse Recovery Time (ns)":75.0,"TjMAX (\u00b0C)":175,"RthJL (\u00b0C\/W)":11.0,"RthJC (\u00b0C\/W)":null,"RthJA (\u00b0C\/W)":null,"Package":"DO-214AB, SMC","Cost (1u) (USD)":0.20604,"k_c3":-0.00001023,"d_c3":0.00277855,"k_c2":0.0000048,"d_c2":0.00831561,"k_c1":0.00019208,"d_c1":0.04654131,"k_c0":-0.00098616,"d_c0":0.77718179}
{"Manufacturer":"Vishay","Model\/Name":"ES3G","Vendor Specific Code":"ES3G-E3\/57TGITR-ND","Vmax (V)":400,"ImaxAVG (A)":3,"Vf (Inom, 25\u00b0C) (V)":1.1,"Reverse Recovery Time (ns)":50.0,"TjMAX (\u00b0C)":150,"RthJL (\u00b0C\/W)":15.0,"RthJC (\u00b0C\/W)":null,"RthJA (\u00b0C\/W)":50.0,"Package":"SMC (DO-214AB)","Cost (1u) (USD)":0.18180,"k_c3":0.00000328,"d_c3":0.00184262,"k_c2":0.00002947,"d_c2":0.0143129,"k_c1":0.00023493,"d_c1":0.08516257,"k_c0":-0.00156381,"d_c0":0.83455193}
{"Manufacturer":"Micro commercial components","Model\/Name":"MURS3G","Vendor Specific Code":"MURS3G-TPMSTR-ND ","Vmax (V)":400,"ImaxAVG (A)":3,"Vf (Inom, 25\u00b0C) (V)":1.0,"Reverse Recovery Time (ns)":35.0,"TjMAX (\u00b0C)":150,"RthJL (\u00b0C\/W)":15.0,"RthJC (\u00b0C\/W)":null,"RthJA (\u00b0C\/W)":60.0,"Package":"DO-214AB, SMC","Cost (1u) (USD)":0.17144,"k_c3":0.00000589,"d_c3":0.00114755,"k_c2":0.00004715,"d_c2":0.01207041,"k_c1":0.00003611,"d_c1":0.10273548,"k_c0":-0.00200809,"d_c0":0.89442523}
{"Manufacturer":"Vishay","Model\/Name":"ES2F","Vendor Specific Code":"ES2F-E3\/52TGITR-ND","Vmax (V)":300,"ImaxAVG (A)":2,"Vf (Inom, 25\u00b0C) (V)":1.1,"Reverse Recovery Time (ns)":50.0,"TjMAX (\u00b0C)":150,"RthJL (\u00b0C\/W)":25.0,"RthJC (\u00b0C\/W)":null,"RthJA (\u00b0C\/W)":75.0,"Package":"DO-214AA, SMB","Cost (1u) (USD)":0.16589,"k_c3":0.00000657,"d_c3":0.00246229,"k_c2":0.00002792,"d_c2":0.0196586,"k_c1":0.00009436,"d_c1":0.10046366,"k_c0":-0.00196559,"d_c0":0.92347653}
{"Manufacturer":"Vishay","Model\/Name":"ES3F","Vendor Specific Code":"ES3F-E3\/9ATGITR-ND","Vmax (V)":300,"ImaxAVG (A)":3,"Vf (Inom, 25\u00b0C) (V)":1.1,"Reverse Recovery Time (ns)":50.0,"TjMAX (\u00b0C)":150,"RthJL (\u00b0C\/W)":15.0,"RthJC (\u00b0C\/W)":null,"RthJA (\u00b0C\/W)":50.0,"Package":"DO-214AB, SMC","Cost (1u) (USD)":0.18281,"k_c3":0.00000097,"d_c3":0.00212254,"k_c2":0.00001249,"d_c2":0.01613725,"k_c1":0.00021267,"d_c1":0.08658089,"k_c0":-0.00153834,"d_c0":0.83425526}
{"Manufacturer":"Micro commercial components","Model\/Name":"ER2D",